{"schemaVersion":"1.0","appDefinitionTemplate":{"id":"/providers/Microsoft.PowerApps/apps/","type":"Microsoft.PowerApps/apps","tags":{"primaryDeviceWidth":"640","primaryDeviceHeight":"1136","sienaVersion":"20211205T210805Z-3.21112.22.0","deviceCapabilities":"webcam","supportsPortrait":"true","supportsLandscape":"true","primaryFormFactor":"Phone","publisherVersion":"3.21112.22","minimumRequiredApiVersion":"2.2.0","hasComponent":"false","hasUnlockedComponent":"false","isUnifiedRootApp":"false"},"properties":{"appVersion":"2021-12-05T21:08:05Z","lifeCycleId":"Published","createdByClientVersion":{"major":3,"minor":21112,"build":22,"revision":0,"majorRevision":0,"minorRevision":0},"minClientVersion":{"major":3,"minor":21112,"build":22,"revision":0,"majorRevision":0,"minorRevision":0},"backgroundColor":"RGBA(0,176,240,1)","backgroundImageUri":"/9341630462441161825/Nbead7e10-69cc-463d-a9b2-b9b5eb4f768f-logoSmallFile","displayName":"Teste","description":"","commitMessage":"","appUris":{"documentUri":{"value":"/9341630462441161825/N215b7561-5a8e-4169-b651-53ebdc39f671-document.msapp"},"imageUris":[]},"createdTime":"0001-01-01T00:00:00Z","lastModifiedTime":"0001-01-01T00:00:00Z","sharedGroupsCount":0,"sharedUsersCount":0,"icons":{"smallIconUri":"/9341630462441161825/Ncdcb71f7-2fcf-446f-a511-286eadb0462a-small.png","mediumIconUri":"/9341630462441161825/Ne6088a50-a1a5-4351-9814-9d37456da311-medium.png","largeIconUri":"/9341630462441161825/N610c3707-2460-4416-9c64-e324e8427c01-large.png","wideIconUri":"/9341630462441161825/Ndb32ab87-a4a8-41f8-a6ba-3debcc7a0384-wide.png"},"connectionReferences":{"9467292b-3797-4a62-b616-11b4e0bfe40a":{"id":"03233f53-2841-4016-a84e-7095f3f3044f","displayName":"Usuários do Office 365","iconUri":"https://connectoricons-prod.azureedge.net/releases/v1.0.1528/1.0.1528.2589/office365users/icon.png","dataSources":["UsuáriosdoOffice365"],"dependencies":[],"dependents":[],"parameterHints":{},"parameterHintsV2":{},"isOnPremiseConnection":false,"bypassConsent":false,"dataSets":{},"apiTier":"Standard","isCustomApiConnection":false},"7f6e657f-503a-437d-b269-c18243d89de1":{"id":"9eb7b591-7af8-48da-9704-757234842bea","displayName":"Planilhas Google","iconUri":"https://connectoricons-prod.azureedge.net/releases/v1.0.1521/1.0.1521.2572/googlesheet/icon.png","dataSources":["Página1","Página2","DB_Cooperativa","Estoque_1"],"dependencies":[],"dependents":[],"parameterHints":{},"parameterHintsV2":{},"isOnPremiseConnection":false,"bypassConsent":false,"dataSets":{"1tC4e_KdlRUWh23h1Qydi3HcDgXmhCbLj8MR9_ZtU-cE":{"dataSources":{"Página1":{"tableName":"0"},"Página2":{"tableName":"1376294894"},"DB_Cooperativa":{"tableName":"1612734079"},"Estoque_1":{"tableName":"924181680"}}}},"apiTier":"Standard","isCustomApiConnection":false,"actions":["providers/PowerPlatform.Governance/Operations/Read"]}},"databaseReferences":{},"almMode":"Environment","performanceOptimizationEnabled":true,"canConsumeAppPass":true,"executionRestrictions":{"isTeamsOnly":false,"dataLossPreventionEvaluationResult":{"status":"Compliant","lastEvaluationDate":"2021-12-03T12:33:42.9622425Z","violations":[],"violationsByPolicy":[],"violationErrorMessage":"O aplicativo usa os seguintes conectores: ."}}},"appType":"ClassicCanvasApp","appComponents":[]}}